NAME,RATING,REVIEW COUNT,PRICE,DISCOUNTED PRICE,PRODUCT ID
Squared Away&trade; 13-Inch Collapsible Storage Bin with Label Holder,4.7,16,$10.00 - $10.00,$4.99 - $10.00,5699998
Colonial Mills Simply Home Solid Cuban Sand 18x18x30 hamper w/ lid,0.0,0,$249.00,$150.25,300311806
"OnDisplay Stackable Folding Desk/Beauty/Closet Storage Crate - Foldable Space Saving Bins for Home Kitchen Classroom Office Vanity Bathroom Pantry (White, 1, Medium)",0.0,0,$17.99 - $39.99,$12.91 - $29.91,7095407
"PiccoCasa Storage Basket Storage Bins, Canvas Fabric Toy Organizer Container with Rope Handles, Collapsible FabricToy Box for Shelves Office Bedroom Closet, Floral (Small - 13.8 x 9.8 x 6.7)",0.0,0,$16.99 - $51.99,$16.99 - $35.99,7047288
"Casafield Set of 6 Collapsible Fabric Cube Storage Bins - 11"" Foldable Cloth Baskets for Shelves, Cubby Organizers & More",0.0,0,$21.99,$21.99,7123608
Simply Essential&trade; Plastic Wicker Storage Basket,4.7,105,$4.00 - $8.00,$4.00 - $8.00,5584573
Simply Essential&trade; 11-Inch Collapsible Storage Bin,3.9,14,$6.00,$6.00,5704557
Simply Essential&trade; Latch Tote Storage Container,4.3,54,$4.00 - $25.00,$4.00 - $25.00,5569253
Simply Essential&trade; Stackable Storage Box with Lid,4.4,38,$4.00 - $20.00,$4.00 - $20.00,5569762
mDesign Bathroom Vanity 2-Level Makeup Storage Turntable,5.0,7,$22.00 - $44.99,$22.99 - $44.99,7067449
"Jessar - Fabric Storage Basket, 19X14X9 cm, White",0.0,0,$32.46,$24.97,300417058
"mDesign Stackable Storage Basket with Handles, 6 Pack",4.8,8,$50.99 - $61.99,$47.99 - $61.99,7066873
"Unique Bargains Storage Bins Storage Basket Bin with Cotton Handles, Fabric Storage with Drawstring Closure for Clothes Towel Toys Organizer, Laundry Basket for Home Shelves Closet, Black Star XL",0.0,0,$16.49 - $31.99,$16.49 - $31.99,7047276
"Unique Bargains Capacity Clothes Storage Bag Organizer with Handle and See-Through Panel, Clothes Blanket Closet Sweater Foldable Storage Box Case Bag Pouch Holder Organizer 22.8"" x 11.4"" x 13""(L*W*H) Blue",0.0,0,$18.99 - $30.49,$18.99 - $30.49,7047297
"mDesign Plastic Food Storage Organizer Bin for Kitchen, 8"" Wide",5.0,1,$17.49 - $81.99,$17.49 - $81.99,7067478
mDesign Plastic Drawer Organizer Bin for Closets - Clear,0.0,0,$20.49 - $61.99,$20.49 - $61.99,7063097
"Storage Works - Foldable Fabric Storage Bin w/Cotton Rope Handles & Lid, Slate (34L), 2-Pack",0.0,0,$32.99,$32.99,300518761
Simply Essential&trade; Large Collapsible Utility Crate,4.4,18,$20.00,$20.00,5627667
"mDesign 10"" Soft Fabric Stacking Storage Bin Box and Bamboo Lid Cover, 4 Pack",0.0,0,$99.99,$99.99,7145922
Squared Away&trade; Colorblock Coiled Rope Basket,5.0,6,$15.00 - $35.00,$15.00 - $35.00,5636067
Squared Away&trade; Faux Rattan Storage Basket in Natural,4.7,14,$9.00 - $19.00,$9.00 - $19.00,5626917
"mDesign Storage Bins with Built-in Handles for Bathroom, Vanity, 2 Pack - Clear",4.7,10,$15.49 - $18.99,$15.49 - $18.99,7067443
"Unique Bargains Collapsible Fabric Storage Basket Bins with Dual Handles, Foldable Toy Bins for Laundry Clothes Storage, Reusable Organizer for Bedroom Office Closet Shelves Coffee Color+White Medium",0.0,0,$23.99 - $33.99,$17.99 - $25.49,7047295
Sammy &amp; Lou Woven Felt Storage Cube in Light Grey,0.0,0,$17.99,$17.99,5560472
"Unique Bargains Home Clothes Storage Bags 4pcs, Comforters Storage Bags Closet Organizers for Clothes Blankets Bedding, Grey",0.0,0,$40.99,$40.99,7139452
"Unique Bargains Fabric Storage Basket with Dual Handles, Collapsible Storage Bins for Laundry Clothes Storage , Home Organizer for Bedroom Office Closet  Chocolate Color Small",0.0,0,$15.99,$15.99,300339155
"Jessar - Wicker Storage Basket, Set of 3, Beige",0.0,0,$42.86,$32.97,300417077
MEGACASA Kitchen Grocery Plastic Bag Holder and Dispenser for Plastic Bags,0.0,0,$20.99,$12.54,300527377
Kitcheniva 3-Pack Fabric Storage Basket w/Leather Handle Foldable Storage Box Bin,0.0,0,$47.99,$47.99,300518021
Simply Essential&trade; Drop-Front Storage Shoe Boxes (Set of 4),3.2,24,$40.00,$40.00,5560316
mDesign Water Hyacinth Braided Weave Pantry Basket,0.0,0,$49.99 - $119.99,$49.99 - $119.99,7066994
Ridge Road D&eacute;cor 4-Piece Braided/Woven Seagrass Basket Set,4.9,8,$86.99,$86.99,5043793
Squared Away&trade; Stacking Storage Bin with Bamboo Lid in White,4.4,25,$22.00 - $27.00,$22.00 - $27.00,5600309
"mDesign Large Wire Hanging Drawer Basket, Attach to Shelf - 4 Pack",0.0,0,$77.59 - $96.99,$69.59 - $96.99,7066907
"mDesign Woven Ombre Pantry Bin Basket, 6 Pack",5.0,1,$94.99 - $139.99,$94.99 - $139.99,7066832
"Jessar - Wicker Storage Basket, 24X15X7.5 cm, Brown",0.0,0,$36.10,$27.77,300417078
"Unique Bargains Home Clothes Storage Bags 3pcs, Clothes Storage Bins for Blankets, Bedding and Comforters, Closet Organizer, Pink",0.0,0,$49.99,$37.49,7139451
mDesign Plastic Bathroom Vanity Organizer Storage Caddy Holder - 2 Pack,5.0,4,$17.49 - $17.49,$13.99 - $17.49,7067453
"mDesign Modern Metal Wire Kitchen Cabinets, Pantry - 2 Pack",3.8,5,$36.99 - $61.99,$34.99 - $61.99,7066852
"mDesign Woven Seagrass Kitchen Pantry Storage Basket, 6 Pack",0.0,0,$69.99,$69.99,7066995
Ornavo Home Foldable Linen XLarge Storage Bin with Leather Handles and Lid - Set of 3,0.0,0,$39.99 - $42.99,$39.99 - $42.99,7138474
"PiccoCasa Fabric Storage Bins, Storage Basket Bin Set 2 Pack, Foldable Fabric Storage Basket Bins, Sturdy Cube Box Collapsible Organizer with Handles for Home Bedroom Office Closet Coffee Color",0.0,0,$48.69,$36.49,7048909
Ornavo Home Foldable Large Storage Bin with Handles and Lid - Set of 3,0.0,0,$39.99 - $42.99,$39.99 - $42.99,7138477
"mDesign Woven Hyacinth Home Storage Basket for Cube Furniture, 4 Pack",4.0,4,$49.99 - $69.99,$49.99 - $69.99,7067003
Juvale Hand Woven Rectangular Wicker Baskets (2 Pack),5.0,4,$54.99,$38.99,300017832
"Unique Bargains Home Clothes Storage Bag 2pcs, Closet Organizer with Reinforced Handle for Blankets, Bedding, Comforters, Grey",0.0,0,$23.49,$23.49,7139447
mDesign Storage Organizer Bin for Breast Milk/Formula,5.0,3,$23.49 - $54.99,$23.49 - $46.99,7063039
Sorbus 4-Pieces Fabric Baskets in Gray,0.0,0,$54.99,$45.99,300420007
"mDesign Stackable Plastic Food Storage Bin, Open Front, 2 Pack - Clear",3.0,4,$20.49 - $45.99,$20.49 - $45.99,7063045
Colonial Mills Simply Home Solid Navy 18x18x30 hamper w/ lid,0.0,0,$249.00,$150.25,300312011
"KOVOT 16"" Poly-Wicker Woven Bread Basket, Tabletop Serving Tray for Fruit, Food, Restaurant Display , Organizing Basket   16""L x 12""W x 3.6""H Honey Brown Woven Polypropylene (2-Pack)",0.0,0,$29.99 - $59.99,$29.99 - $59.99,7124173
Tika 3-Pieces Mini Refillable Perfume Atomizer Bottle Spray 5ml,0.0,0,$20.99,$16.99,300190281
Kitcheniva 3-Pieces Soft Fabric Storage Cubes w/ Leather Handle Foldable Storage Bins,0.0,0,$74.27,$51.99,300518022
Homz 41 Qt. Clear Underbed Storage with Blue Lid,0.0,0,$72.99,$62.99,300611545
"Farmlyn Creek Cotton Woven Baskets for Storage, Light Blue Organizers (3 Sizes, 3 Pack)",0.0,0,$33.99,$23.99,300017801
mDesign Fabric Bedside Storage Organizer Caddy,4.0,3,$10.99,$10.99,7067272
3 Tier Fruit Basket - French Country Wire Baskets By Regal Trunk & Co Three,0.0,0,$36.39,$32.19,300470044
Colonial Mills Simply Home Solid Linen 18x18x30 hamper w/ lid,0.0,0,$152.84,$152.84,300311921
"Bright Creations 12 Pack Small Colorful Plastic Classroom Storage Baskets for Organizing, Rainbow Organizer Bins (6.1 x 4.8 in)",0.0,0,$28.99,$20.49,300091572
Colonial Mills Simply Home Solid Black 16x16x24 hamper w/ lid,0.0,0,$249.00,$115.07,300311977
"PiccoCasa Home Accessories Cotton Rope Storage Basket with Handles Collapsible Storage Organizer for Closet Shelves Bedroom Office, Laundry Hamper Toy Basket, Navy Blue, Cylindrical 1",1.0,1,$44.99,$44.99,7047277
"mDesign Wide Plastic Desk Organizer Box for Home Office, 4 Pack",5.0,1,$32.99 - $69.99,$32.99 - $69.99,7062851
Ornavo Home Lattice Foldable Storage Cube Bin with Dual Handles,0.0,0,$29.99,$29.99,7045954
"Unique Bargains Capacity Clothes Storage Bag Organizer with Handle, Home Foldable Zippered Dust-proof Quilt Clothes Storage Bag Container Blue",2.0,1,$22.69,$16.99,300122863
Colonial Mills Simply Home Solid Cuban Sand 16x16x24 hamper w/ lid,0.0,0,$179.00,$122.97,300311866
"mDesign Plastic Bathroom Vanity Storage Organizer Bin, Handles, 4 Pack",5.0,1,$35.99 - $49.99,$28.99 - $49.99,7067237
mDesign Fabric Bedside Hanging Storage Organizer Caddy Pocket,0.0,0,$9.79 - $11.99,$9.79 - $11.99,7116671
Ornavo Home Chevron Foldable Storage Cube Bin with Dual Handles,0.0,0,$29.99,$29.99,7045962
Gracious Living Large Home Divided Storage Tote Caddy,0.0,0,$82.99,$39.99,300372122
"mDesign Plastic Glasses Storage Organizer Box, 3 Drawers",5.0,1,$20.49 - $20.49,$17.99 - $20.49,7067351
"mDesign Slim Plastic Kitchen Fridge + Freezer Bin, Lid and Handle, 8 Pack, Clear",5.0,4,$86.99,$86.99,300387765
Ornavo Home Foldable Linen Storage Cube Bin with Rope Handles - Set of 6,0.0,0,$39.99,$39.99,7138473
"Unique Bargains Home 6pcs Large Storage Bags for Comforters, Blankets, Clothes, Bedding, Closet Organizers, Grey",0.0,0,$65.39,$48.99,7139446
"Infinity Merch Large Storage Basket 15""x10 "" White/Brown",0.0,0,$41.99,$31.99,300527660
mDesign Plastic Bathroom Vanity Storage Organizer Bins,5.0,1,$20.49,$20.49,7063071
Gymax Set of 4 Large Stackable Bins Cubes W/Lids Storage Organizers,0.0,0,$89.99,$52.99,300454152
"Best Choice Products Set of 4 12"" Woven Pantry Baskets w/ Chalkboard Label in Natural",5.0,2,$129.99,$109.99,300460800
Ornavo Home 3 Pack Woven Cotton Rope Shelf Storage Basket with Handles,0.0,0,$39.99,$39.99,7138475
"mDesign Plastic Bathroom Vanity Storage Organizer Bin, 10"" Long, 8 Pack",5.0,1,$47.99 - $76.99,$47.99 - $76.99,7063046
IRIS 19 Qt Storage Box with Latches 6 Pack,0.0,0,$114.99,$94.99,300520970
Squared Away&trade; Eco Open-Front Stacking Storage Bin in White,4.7,14,$19.00,$19.00,5600245
Sterilite 16 Quart Clear Plastic Stacking Storage Drawer Container Box (6 Pack),5.0,12,$177.99,$157.99,300388650
"mDesign Cotton Fabric Bathroom Storage Organizer Bin, Tall, 4 Pack",5.0,1,$34.99,$34.99,7067192
3 Tier Fruit Basket - French Country Wire Baskets By Regal Trunk & Co Three,0.0,0,$36.39,$32.19,300470045
Squared Away&trade; Canvas Storage Box in Egret/Oyster Grey,4.1,14,$8.00 - $15.00,$8.00 - $15.00,5664330
Squared Away&trade; Woven Storage Bin in Heather Grey,4.8,28,$9.00 - $16.00,$9.00 - $16.00,5568884
Squared Away&trade; 3-in-1 Handled Rope Storage Basket,0.0,0,$20.00,$20.00,5682886
"mDesign Stackable Metal Food Storage Basket with Handles, 6 Pack",0.0,0,$45.99 - $47.99,$40.99 - $47.99,7066901
"mDesign Hyacinth Home Storage Basket for Cube Furniture, 4 Pack",5.0,1,$54.99,$54.99,7066940
Squared Away&trade; Large Metal Stacking Storage Bin,0.0,0,$25.00,$25.00,5682908
mDesign Woven Seagrass Home Storage Basket for Cube Furniture,4.5,6,$69.99 - $89.99,$69.99 - $89.99,7066946
"mDesign Stackable Metal Food Storage Basket with Handles, 2 Pack",4.7,3,$25.49,$21.49 - $25.49,7066894
Sterilite 16 Quart Clear Stacking Drawer Clear,0.0,0,$60.99,$50.99,300526988
"mDesign Medium Chicken Wire Storage Basket, Fabric Liner",0.0,0,$19.49 - $66.99,$19.49 - $66.99,7095797
"Cheungs Home Indoor Decorative Storage Boxes, Green Finished - Set of 2",0.0,0,$115.04,$88.49,300040026
"mDesign Large Woven Hyacinth Home Storage Basket for Cube Furniture, 2 Pack",5.0,1,$20.99 - $39.99,$20.99 - $39.99,7066943
mDesign Woven Ombre Pantry Bin Basket,5.0,1,$16.09 - $26.99,$16.09 - $26.99,7066897
"mDesign Stackable Food Organizer Storage Basket, Open Front - 4 Pack",3.3,3,$63.99 - $66.99,$59.99 - $66.99,7066880
Juvale Grey Fabric Bathroom Storage Bin (16 x 6 x 5.5 Inches),5.0,1,$17.99,$12.99,300041930
"mDesign Plastic Storage Bin Box Container, Lid and Handles, 2 Pack, Clear/White",5.0,2,$29.99 - $39.99,$29.99 - $39.99,7067195
Simply Essential&trade; Checkerboard Basket,4.6,12,$8.00 - $12.00,$8.00 - $12.00,5665922
"Unique Bargains Fabric Storage Basket with Dual Handles Collapsible Storage Bins for Laundry Clothes Storage, Reusable Organizer for Bedroom Office Closet, Gray Large",0.0,0,$35.99,$26.99,300122871
Fab Habitat&trade; Mayfair Tote in Navy,0.0,0,$42.99,$42.99,5190404
Ridge Road D&eacute;cor 2-Piece Rectangular Wicker Basket Set,4.8,5,$71.99,$71.99,5043791
mDesign Plastic Bathroom Storage Organizer Basket Bin - Clear,5.0,1,$32.99 - $124.99,$32.99 - $124.99,7063043
mDesign Vertical Standing Storage Basket Stand with 3 Baskets,4.6,7,$121.99 - $139.99,$121.99 - $139.99,7066936
Infinity Merch Storage Bins Baskets for Shelves Grey,0.0,0,$34.99,$24.99,300527659
mDesign Plastic Kitchen Food Storage Container Bin Box with Lid - 6 Pack,5.0,3,$40.99 - $72.99,$40.99 - $72.99,7063104
"KOVOT Storage Woven Baskets Wicker Storage Wicker Storage Baskets with Built-in Carry Handles   Laundry Storage Pantry Bin - 9""L x 8""W x 4""H (10-Pack)",0.0,0,$19.99 - $69.99,$19.99 - $69.99,7101071
Sterilite Set of 6 1.7 cu ft  Clear FlipTop Plastic Storage Bin,4.0,5,$74.99,$64.99,300453433
"PiccoCasa Fabric Storage Bins, Storage Baskets with Cotton Handles Foldable Storage Toy Bins Laundry Clothes Towel Box Organizer W Drawstring Closure for Home Shelves Closet Light Green 14.6""x10.2""x4.7""",0.0,0,$27.99 - $50.69,$20.99 - $37.99,7047306
"mDesign Fabric Modular Closet Organizer Box for Cube Units, 4 Pack",5.0,1,$17.99,$17.99,7067507
"Sterilite Large Plastic Storage Bin Baskets with Handles, White, 6 Pack",4.8,21,$74.99,$64.99,300381277
"mDesign Metal Household Storage Basket with Fabric Liner, Set of 3",0.0,0,$32.79 - $40.99,$32.79 - $40.99,7066915
"Unique Bargains Capacity Clothes Storage Bag Organizer with Handle and See-Through Panel, Blanket Pillows Quilts Clothes Beddings Storage Bag Organizer Container 17.3"" x 11"" x 18.8""(L*W*H) Gray",0.0,0,$14.99 - $17.49,$14.99 - $17.49,7047291
Gymax 45L Collapsible Storage Bins Folding Plastic Stackable Utility Crates 4 Pack,0.0,0,$99.99,$69.99,300459151
Colonial Mills Simply Home Solid Corona 18x18x30 hamper w/ lid,0.0,0,$249.00,$150.25,300311821
mDesign Woven Seagrass Toilet Tank Storage Basket for Bathroom,0.0,0,$17.99,$17.99,7066895
"mDesign Storage Organizer for Cube Furniture Units, 10"" Square, 4 Pack",2.9,7,$54.99,$54.99,7067227
Kitcheniva Collapsible Storage Box Foldable Transparent Organizer Divider Box Blue 35L,0.0,0,$81.41,$56.99,300511714
mDesign Metal Wire Storage Basket Bin for Closets,0.0,0,$15.00,$13.49,7066903
mDesign 2 Tier Spinning Lazy Susan Turntable Storage Tray,0.0,0,$20.49,$20.49,7087167
"mDesign Art, Sewing, Craft Supplies Storage Caddy Tote, X-Large",0.0,0,$18.49 - $18.49,$16.99 - $18.49,7067269
Infinity Merch 2-Tier Detachable Fruit Bowl with Banana Hanger in Black,0.0,0,$54.99,$44.99,300499492
"mDesign Plastic Glasses Storage Organizer Box, 5 Sections, 2 Pack",5.0,3,$24.49 - $44.99,$24.49 - $44.99,7067485
Sterilite Art Furniture and Storage Clear,0.0,0,$32.99,$22.99,300527059
"Northlight 16"" Natural Woven Laundry Hamper Basket with Cotton Liner and Lid",0.0,0,$82.99,$82.99,300261454
Squared Away&trade; Bathroom Storage Bin Collection,4.5,73,$9.00 - $27.00,$9.00 - $27.00,825640
"mDesign Woven Ombre Pantry Bin Basket, 3 Pack",5.0,6,$54.99 - $76.99,$54.99 - $76.99,7066851
Simply Essential&trade; Collapsible Crates (Set of 2),4.5,32,$4.00 - $8.00,$4.00 - $8.00,5663053
Simply Essential&trade; Fabric Storage Bin with Handles,0.0,0,$5.00 - $8.00,$5.00 - $8.00,5691365
"mDesign Plastic Kitchen Tote, Divided Basket Bin with Wood Handle",5.0,1,$16.99 - $17.49,$15.99 - $17.49,7062917
Squared Away&trade; Tweed Flared Storage Bin,4.3,26,$7.00 - $9.00,$4.99 - $5.39,5572267
Kitcheniva 3-Tier Mesh Storage Rolling Cart Shelf Trolley,0.0,0,$84.27,$58.99,300264805
Infinity Merch Cotton Rope Woven Storage Baskets with Handles,0.0,0,$44.99,$32.99,300499493
"mDesign Plastic Storage Bin Box Container, Lid and Handles, 2 Pack, Clear/White",4.0,1,$29.99 - $38.99,$27.99 - $36.99,7067204
"mDesign Metal Over Cabinet Kitchen Storage Basket, Holds 50 Plastic Bags",4.7,3,$20.49,$20.49,7066934
Kitcheniva 35L Rolling Foldable Storage Box Book Organizer w/4 Sliding Pulley Divider,0.0,0,$79.99,$55.99,300504158
"Sorbus Stackable Basket Set, 3 Pieces-Gray",0.0,0,$65.99,$42.99,300325280
"mDesign Soft Textured Fabric Home Storage Organizer Box, 2 Pack",5.0,2,$29.99,$29.99,7067562
ComsomoLiving by Cosmopolitan Oval Seagrass Basket,4.5,21,$81.99 - $152.99,$81.99 - $137.69,5043795
Homz Storage Tote 6 Qt Clear,0.0,0,$25.99,$15.99,300611546
mDesign Natural Woven Bathroom Storage Organizer Basket,0.0,0,$17.99 - $33.99,$17.99 - $33.99,7066984
Squared Away&trade; Storage Bin with Bamboo Lid in White,4.7,19,$9.00 - $12.00,$9.00 - $12.00,5600318
mDesign Metal Stackable Kitchen Storage Basket with Handles,0.0,0,$34.99 - $81.99,$34.99 - $73.99,7066922
"Sterilite 3 Drawer Wide Storage Cart Container with Casters, 3 Pack Clear",0.0,0,$253.99,$233.99,300527041
"Jessar - Felt Pet Toy Basket, 35 x 16 cm, Dark Gray",0.0,0,$41.56,$31.97,300417082
"Jessar - Wicker Storage Basket, 30X18X12 cm, Brown",0.0,0,$37.01,$28.47,300417074
Squared Away&trade; Small Storage Bins with Bamboo Lids in White (Set of 2),4.1,15,$12.00,$12.00,5603568
mDesign Rectangular Woven Braided Home Storage Basket Bin Set of 3,5.0,1,$29.99 - $37.99,$29.99 - $37.99,7066965
"Farmlyn Creek Grey Woven Basket for Bathroom, Closet and Pantry Storage (11.4 x 6.5 x 4.5 in)",0.0,0,$26.99,$18.99,300042349
mDesign Spinning Tall 3-Tier Makeup Storage Center Tray,0.0,0,$22.49 - $22.49,$18.99 - $22.49,7067510
mDesign Plastic Food Packet Kitchen Organizer Bin Storage - 4 Pack - Smoke Gray,5.0,2,$29.99,$29.99,300190301
"Storage Works - Foldable Fabric Storage Bin w/Cotton Rope Handles & Double-Open Lid, Clay (65L)",0.0,0,$25.99,$25.99,300518767
"mDesign Woven Seagrass Home Storage Basket with Lid, Set of 3",5.0,2,$46.99,$46.99,7066986
mDesign Deep Plastic Home Storage Organizer Toy Bin - 4 Bins + 24 Labels,0.0,0,$35.99 - $95.99,$35.99 - $95.99,7063106
"mDesign Plastic Kitchen Storage Tea Organizer, Flips, 3 Drawers",4.4,5,$18.49,$18.49,7067206
mDesign Plastic Bathroom Storage Bin Tote with Handles,4.7,24,$10.49 - $19.99,$10.49 - $19.99,7067476
3 Tier Hanging Fruit Bowl - Farmhouse Wire Basket By Regal Trunk & Co Three,0.0,0,$35.09,$31.04,300470042
mDesign Large Plastic Kitchen Food Packet/Pouch Organizer Caddy; 2 Pack - Clear,0.0,0,$17.49 - $33.99,$17.49 - $30.99,7063051
"mDesign 7"" Wide Plastic Stackable Office Storage Organizer - 6 Pack - Clear",0.0,0,$34.99,$34.99,300545977
Costway DIY 12 Cube Portable Closet Storage Organizer w/ Doors,0.0,0,$125.99,$117.99,300384588
"Unique Bargains Fabric Storage Bins Storage Basket Bin Set of 3, Foldable Fabric Storage Basket Bins, Sturdy Cube Box Collapsible Organizer with Handles for Bedroom Office Closet M Orange & White",0.0,0,$71.99,$53.99,7047281
"Unique Bargains Fabric Storage Basket with Dual Handles , Collapsible Storage Bins for Toys Laundry Clothes Storage, Home Organizer for Bedroom Office Closet, Dark Blue Medium",0.0,0,$33.39,$24.99,300122865
Spectrum&trade; Metal Scoop Basket,4.8,26,$16.99 - $24.99 Each,$16.99 - $24.99 Each,5263134
Paper Junkie Coin Box with Lock and Keys,0.0,0,$21.99,$17.99,300159045
mDesign Kids Fabric Closet Storage Organizer Cube Bin Box,5.0,1,$20.00 - $44.99,$20.00 - $44.99,7063037
Stock Your Home Set of 2 CD Storage Box with Magnetic Opening,0.0,0,$87.99,$82.99,300435605
Taylor Madison Designs&reg; Safari Oval Storage Bin,4.8,23,$22.99,$22.99,5147417
mDesign Metal Hanging Over Cabinet Kitchen Storage Organizer Basket,0.0,0,$17.49 - $18.49,$17.49 - $18.49,7066944
Sterilite 16 Qt Clear Plastic Stacking Storage Container Box,4.8,48,$199.99,$98.99,300372424
Homz Storage Container Bin with Latching Lids 7.5 Qt 10 Pack,0.0,0,$152.99,$132.99,300611541
mDesign Stackable Plastic Kids Supplies Organizer Box + 32 Labels,0.0,0,$13.99 - $16.00,$12.00 - $16.00,7067264
Simply Essential&trade; Collapsible Storage Bin,0.0,0,$6.00,$6.00,5739888
"mDesign Metal Wire Bathroom Organizer Basket, Built-In Handles, 8 Pack, Bronze",0.0,0,$82.49,$69.99,300180572
"Unique Bargains Home Clothing Organizers 5pcs, Clothes Storage Bag Clothing Storage Closet Organizer with Clear Window, Purple",0.0,0,$51.99,$38.99,7139448
"Unique Bargains Storage Basket Bin, Foldable Fabric Storage Basket Bins, Sturdy Cube Box Collapsible Organizer with Handles for Home Bedroom Office Closet Navy Blue L",0.0,0,$25.99 - $31.39,$19.49 - $23.49,7145917
Homz Storage Container Tower Plastic 3 Clear Drawer Medium with Wheels,0.0,0,$85.99,$75.99,300611554
mDesign Plastic Kitchen Food Packet / Pouch Organizer Bin Caddy,5.0,2,$14.49,$14.49,7063113
"mDesign Metal Kitchen Food Storage Basket, Open Front - 4 Pack",5.0,4,$42.99 - $58.99,$42.99 - $58.99,7066978
"mDesign Bamboo Tea Storage Organizer Box, Lid - Natural Wood",3.0,1,$23.49,$23.49,7065757
Infinity Merch Fruit Basket Display Stand  2-Tier Black,0.0,0,$43.99,$33.99,300577319
Stock Preferred Seagrass Woven Tassels Basket Flower Pot Storage w/ Handle Large Brown,0.0,0,$23.99,$13.99,300530479
"Sterilite Adjustable 4-Shelf Storage Cabinet With Doors, Grey",0.0,0,$299.99,$279.99,300527031
HOMESTO 11-Inch Fabric Foldable Storage Cubes Organizer with Handles - Collapsible Bins - Convenient for Organizing Clothes or Kids Toy Cubby,0.0,0,$39.99,$24.99,7121195
"mDesign Woven Seagrass Home Storage Basket for Cube Furniture, 2 Pack",5.0,1,$27.99,$27.99,7066977
"mDesign Storage Organizer Bin with Handles for Cube Furniture, 4 Pack",5.0,15,$54.99 - $57.99,$54.99 - $57.99,7067221
mDesign Metal Wire Food Organizer Storage Bin,4.9,12,$18.44 - $29.49,$18.44 - $29.49,7066830
D-Art collection Home Office Sturdy Round Wicker Woven Trash Bin,0.0,0,$78.30,$60.23,300393829
Spectrum&trade; Medium Storage Basket,4.7,9,$22.99,$22.99,5210894
"Storage Works - Foldable Fabric Storage Bin w/Cotton Rope Handles & Lid, Slate (11L), 2-Pack",0.0,0,$23.99,$23.99,300518764
"mDesign Wide Plastic Tea Organizer Tower for Kitchen, 3 Drawers - 2 Pack",5.0,1,$32.99,$32.99,7063082
mDesign Slanted Front Kitchen Pantry Storage Organizer Basket - 4 Pack,0.0,0,$48.49 - $56.99,$48.49 - $56.99,7066875
Ornavo Home Foldable Storage Cube Bin with Dual Handles & Window Pockets,0.0,0,$29.99,$29.99,7045947
"mDesign Stackable Storage Bin for DVDs, Video Games, Accessories",4.8,10,$78.99,$78.99,7063081
"mDesign Plastic Bathroom Storage Container Bin Box with Handles, 4 Pack, Clear",4.7,11,$23.49 - $54.99,$23.49 - $54.99,7067207
Infinity Merch Shoe Rack Fabric 10-Tier Grey 23*11*62 in,0.0,0,$62.99,$52.99,300527664
"mDesign Woven Hyacinth Home Storage Basket with Lid, Set of 3 - White Wash",5.0,3,$44.99,$44.99,7066993
Ridge Road D&eacute;cor 2-Piece Braided Round Seagrass Basket Set,5.0,1,$160.99,$144.89,5043786
3 Tier Fruit Basket - French Country Wire Baskets By Regal Trunk & Co Three,0.0,0,$36.39,$32.19,300470043
Infinity Merch 2 Pieces Planter Basket w/ Removable Legs,0.0,0,$74.99,$66.95,300322527
"mDesign Woven Cotton Rope Indoor Hanging Baskets for Plants, Set of 2",0.0,0,$24.99,$24.99,7145571
mDesign Cotton Fabric Bathroom Storage Organizer Bin,4.7,3,$18.00 - $35.15,$16.00 - $35.15,7067228
"mDesign Kids Fabric Closet Storage Organizer Cube Bin, 4 Pack",0.0,0,$21.99,$21.99,7067226
"mDesign Metal Wire Food Organizer Storage Bin, 4 Pack",5.0,6,$43.99 - $88.99,$43.99 - $88.99,7066939
Sterilite 25 qt Shelf Tote Grey,5.0,5,$92.99,$33.95,300389325
"Unique Bargains Collapsible Small Storage Cubes Organizer with Handles, Cotton Linen Household Towel Socks Book Paper Holder Storage Box Organizer, Gray",0.0,0,$21.49,$21.49,7047304
"mDesign Metal Kitchen Pantry Food Storage Basket Bin, 16"" Long, 4 Pack",0.0,0,$29.49 - $40.99,$29.49 - $40.99,7066869
IRIS USA 19 Quart WeatherPro Storage Box with Latches,4.8,20,$55.99,$35.99,300325301
"Contemporary Home Living Set of 3 Black Torino Folding Fabric Baskets, 10.25",4.5,2,$67.99,$67.99,300249679
Infinity Merch 3Pack Water Hyacinth Storage Baskets,0.0,0,$95.99,$85.99,300523864
mDesign Plastic Bathroom Vanity Divided Storage Organizer Bin,0.0,0,$29.49 - $59.99,$29.49 - $59.99,7067235
mDesign Plastic Kitchen Baby Food Storage Bin with Handle,5.0,1,$10.99 - $17.49,$10.99 - $17.49,7067252
"mDesign Woven Hyacinth Home Storage Basket Cube Furniture, 6 Pack",0.0,0,$89.99,$89.99,7067004
iDesign&trade; Compact Eco Bin with Bamboo Lid,3.8,27,$7.99 - $9.99,$7.99 - $9.99,5528294
"mDesign Plastic Storage Bin Box Container, Lid and Handles, 8 Pack, Clear/Clear",5.0,1,$103.99,$103.99,300190287
Ornavo Home Foldable Storage Cube Bin with Dual Handles,0.0,0,$22.99 - $29.99,$22.99 - $29.99,7045948
"mDesign Plastic Storage Caddy Tote for Sewing & Craft Supplies, Small",5.0,1,$24.99 - $32.99,$24.99 - $32.99,7067273
"mDesign Hyacinth Home Storage Wall Mount Basket, Set of 2",0.0,0,$23.99 - $29.99,$23.99 - $29.99,7066985
mDesign Soft Fabric Kids Storage Organizer Cube Bin - Large,0.0,0,$17.49 - $24.99,$17.49 - $24.99,7145588
mDesign Metal Wire Food Organizer Basket,4.9,21,$44.49 - $103.49,$44.49 - $103.49,7066853
Stock Preferred 10kg Large Flour Cereal Container,0.0,0,$73.99,$63.99,300530442
"mDesign Fabric Modular Closet Organizer Box for Cube Units, 4 Pack",5.0,1,$17.99,$17.99,7102271
Sterilite Clear Stacking Storage Drawer Container 6 Pack,0.0,0,$257.99,$237.99,300527017
Squared Away&trade; Felt Bin,3.0,20,$13.00 - $23.00,$13.00 - $23.00,5594853
"Sterilite 18 Gallon Tuff1 Tote Plastic, Cement",0.0,0,$60.99,$50.99,300527047
Ridge Road Decor Square Iron Wire Rolling Basket,5.0,1,$106.99 - $184.99,$106.99 - $184.99,5043781
Simply Essential&trade; 11-Inch Collapsible Storage Bin,4.7,121,$6.00 - $6.00,$4.99 - $6.00,5704556
Homz Latching Storage Container Underbed Clear Plastic 56 Quart 4 Pack,0.0,0,$278.99,$258.99,300611548
"mDesign Metal Wire Food Organizer Storage Bin, 3 Pack",4.9,12,$34.99 - $71.99,$34.99 - $71.99,7066836
Plushible Basket Plush Easter Bunny,0.0,0,$19.99,$19.99,300393830
"mDesign Stackable Plastic Food Storage Bin, Open Front",2.3,3,$37.99 - $78.99,$37.99 - $78.99,7063030
mDesign Stackable Plastic Tea Bag Organizer Kitchen Storage Box,5.0,3,$17.49 - $20.49,$17.49 - $20.49,7063122
StorageWorks 3 Pack Handmade Woven Wicker Storage Baskets Basket in Brown,0.0,0,$84.99,$64.99,300351985
Squared Away&trade; Tweed Flared Storage Bin,4.8,16,$6.00 - $8.00,$6.00 - $8.00,5572263
"mDesign Fabric Modular Closet Organizer Box for Cube Units, 8 Pack",5.0,1,$29.99,$29.99,7067514
"mDesign Metal Open Front Kitchen Food Storage Basket, 2 Pack",5.0,4,$29.49 - $35.99,$29.49 - $35.99,7066838
"mDesign Plastic Kitchen Food Storage Bin with Handle, Lid, 2 Pack",5.0,4,$22.99 - $35.99,$22.99 - $35.99,7063042
"Sterilite 27 Quart Clear & White Plastic Storage Bin with One Drawer, 20 Pack",0.0,0,$605.99,$605.99,300527063
Simply Essential&trade; Printed Collapsible Storage Bin,0.0,0,$6.00,$6.00,5740606
mDesign Plastic Bath Vanity Storage Organizer Bin with Handles - 8 Pack,0.0,0,$58.99,$58.99,7063059
"Cottage Creek Farms Woven Baskets for Storage, Grey Striped Round Basket (3 Sizes, 3 Pack)",0.0,0,$23.99,$16.99,300042350
mDesign Plastic Stackable Kitchen Pantry Food Storage Organizer Bin Box,5.0,2,$11.99 - $18.49,$11.99 - $18.49,7067492
"mDesign Plastic Glasses Storage Organizer Box, 5 Sections",5.0,3,$15.49 - $25.49,$15.49 - $25.49,7066548
"mDesign Storage Bin with Handles, Lid for Bathroom, Vanity - 2 Pack",0.0,0,$33.99 - $39.99,$33.99 - $39.99,7063073
Infinity Merch 2x Large Cotton Rope Woven Storage Baskets with Handles,0.0,0,$64.99,$54.99,300499496
"mDesign Plastic Home Office Storage Organizer Bin Box, 2 Pack",0.0,0,$22.49 - $46.99,$17.99 - $41.99,7062880
mDesign Kids Fabric Storage Organizer Cube - 4 Pack,5.0,1,$26.99,$26.99,7067225
"Unique Bargains Fabric Storage Basket with Dual Handles , Collapsible Storage Bins for Toys Laundry Clothes Storage, Reusable Organizer for Bedroom Office Closet Gray Small",0.0,0,$25.39,$18.99,300122868
"mDesign Casual Woven Cotton Rope Bathroom Basket with Handles, Set of 3",0.0,0,$34.99,$34.99,7066867
"PiccoCasa Storage Basket Bin Set of 2, Foldable Woven Storage Basket Sturdy Cotton Rode Container Collapsible Organizer with Handles for Home Bedroom Office Closet Storage, White",0.0,0,$63.99 - $88.59,$47.99 - $61.99,7047290
"Unique Bargains Capacity Clothes Storage Bag Organizer with Handle and See-Through Front Panel, Non Woven Fabric Family Quilt Clothes Dust-proof Zippered Storage Bag Pale Blue",0.0,0,$29.99,$22.49,300122867
"mDesign Open Front Plastic Storage Bin for Cube Furniture, 12"" W, 4 Pack - Clear",5.0,2,$43.99 - $76.99,$43.99 - $76.99,7063054
LTD Set of 2 Storage Baskets,0.0,0,$87.99,$47.95,300445633
Best Choice Products Set of 4 16x12in Woven Water Hyacinth Pantry Baskets w/ Chalkboard Label,5.0,1,$159.99,$110.99,300338766
"SONGMICS Storage Basket with Lid, Rattan-Style Storage Trunk with Cotton Liner and Handles, for Bedroom Closet Laundry Room, 21.9 x 13.4 x 13.4 Inches, Gray",0.0,0,$137.99,$113.99,7137852
"Sorbus Storage Box with Window, Beige-2 Pack",0.0,0,$99.99,$51.99,300446555
"Storage Works - Foldable Fabric Storage Bin w/Cotton Rope Handles, Ivory (11L), 2-Pack",0.0,0,$19.99,$19.99,300518760
"mDesign Plastic Kitchen Food Storage Bin with Handle, Lid",5.0,4,$18.49,$15.99,7063107
"mDesign Wire Over Cabinet Door Kitchen Storage Basket/Trash Can, 2 Pack",5.0,1,$39.99,$39.99,7066858
"mDesign Plastic Storage Bin Box Container, Lid and Handles, 8 Pack, Clear/Gray",5.0,1,$129.99,$129.99,300190291
"mDesign Tea Storage Organizer Box - 8 Divided Sections, with Lid",3.0,1,$20.49,$20.49,7067468
mDesign Plastic Storage Organizer Bin with Handles for Closets,4.6,12,$15.49 - $21.49,$15.49 - $21.49,7063024
"mDesign Plastic Stackable Toy Storage Bin Box with Lid, 8 Pack - Clear",4.0,9,$54.99 - $119.99,$54.99 - $119.99,7063031
"mDesign Wide Rectangular Woven Home Storage Basket Bin, 2 Pack",0.0,0,$44.99,$44.99,7066979
"SONGMICS Storage Basket with Lid, Rattan-Style Storage Trunk with Cotton Liner and Handles, for Bedroom Closet Laundry Room, 29.9 x 17.1 x 18.1 Inches, Natural",0.0,0,$147.99,$121.99,7137444
Sterilite 64 qt. Latching Storage Box White,0.0,0,$74.99,$64.99,300527022
mDesign Plastic Stackable Household Storage Container with Lid,5.0,3,$11.99,$11.99,7063062
"mDesign Plastic Kitchen Storage Tea Organizer, 3 Drawers - 27 Sections",4.9,16,$30.49,$30.49,7067257
mDesign Cotton Fabric Bathroom Storage Organizer Bin Basket,4.7,3,$11.99 - $23.00,$11.99 - $23.00,7063103
"SONGMICS Storage Box with Cotton Liner, Rattan-Style Storage Basket, Storage Trunk with Lid and Handles, for Bedroom Closet Laundry Room, Brown",0.0,0,$184.99,$153.99,300489461
"Farmlyn Creek Square Wicker Storage Baskets with Liners (9 x 9 x 3.5 Inches, 3 Pack)",5.0,2,$36.99,$25.99,300017860
"mDesign Plastic Kitchen Baby Food Storage Bin with Handle, 4 Pack - Clear",0.0,0,$19.99 - $46.99,$19.99 - $37.99,7063069
Kitcheniva Folding Storage Box White Container Lightweight,0.0,0,$141.65,$84.99,300589220
mDesign Metal Wire Food Organizer Storage Bins with Handles,4.9,23,$23.49 - $36.49,$23.49 - $36.49,7066885
mDesign Metal Wire Food Organizer Storage Bins Basket - 6 Pack,4.9,12,$85.99 - $127.99,$73.99 - $127.99,7066848
"Colonial Mills Clean & Dirty Woven Hamper Set-2 - Moss Green 17""x17""x22"" 19""x19""x15""",0.0,0,$203.71,$181.42,300311976
Sterilite Box Latching with lid Plastic White,0.0,0,$27.99,$17.99,300527036
mDesign Metal Wall Mount Ironing Board Holder with Small Storage Basket,5.0,4,$18.49,$18.49,7094572
mDesign Plastic Kitchen Food Storage Bin with Lid,0.0,0,$16.99 - $99.99,$16.99 - $99.99,7063058
IRIS USA  74 Quart WeatherPro Clear Plastic Storage Box,5.0,39,$98.99,$78.99,300325298
Stock Preferred Wooden Tea Box Organizer w/ 6 Compartments in White,0.0,0,$42.99,$32.99,300550832
mDesign Metal Wire Food Storage Organizer Bin,5.0,7,$23.49 - $32.49,$23.49 - $32.49,7066870
"mDesign Over Door Steel Metal Kitchen Storage Organizer Basket/Trash Can, Chrome",0.0,0,$28.49,$25.49,300548396
"Unique Bargains Home Clothes Storage Bags 2pcs, Closet Organizers and Storage Bags, Storage Bins for Blankets Bedding, Sky Blue",0.0,0,$31.39,$23.49,7139454
Juvale Unfinished Wood Recipe Box for DIY Crafts with Cards and Dividers,0.0,0,$44.99,$31.99,300483591
Closet Complete 23-Piece Storage Gift Set in Black/White,4.4,7,$49.99,$49.99,1047066076
